,Skills
0,salesforce
1,excel
2,sales
3,microsoft office
4,customer support
5,crm
6,customer service
7,basic
8,development
9,management
10,powerpoint
11,project
12,scheduling
13,security
14,writer
15,telecommuting not available travel not required
16,
17,database
18,manager
19,outlook
20,tad pgs
21,inc. specializes in delivering secure
22,reliable and rapidly implemented workforce solutions to the u.s. federal marketplace
23,including u.s. government agencies and their prime contractors. wi
24,pc
25,analytical skills
26,call center
27,consulting
28,see job description
29,access
30,analysis
31,analytical
32,application
33,applications
34,architecture
35,computer
36,data architecture
37,developer
38,engineer
39,engineering
40,it
41,java
42,modeling
43,oracle
44,programming
45,quality
46,sdlc
47,software
48,software engineer
49,sql
50,telecom
51,testing
52,web
53,xml
54,apache
55,business requirements
56,css
57,hadoop
58,html
59,http
60,javascript
61,jquery
62,linux
63,os x
64,scrum
65,solr
66,supervision
67,windows
68,windows 7
69,contract w2
70,agile
71,spring
72,restful web services
73,web development
74,j2ee
75,web services
76,xslt
77,junit
78,ajax
79,jsp
80,servlets
81,soa
82,apis
83,messaging
84,programmer
85,api
86,node.js
87,angularjs
88,ejb
89,hardware
90,project management
91,quality assurance
92,sql server
93,unix
94,websphere
95,java/j2ee
96,object oriented design
97,core java
98,svn
99,bamboo
100,jms
101,mq
102,java developer
103,weblogic
104,oracle 
105,java development
106,financial services
107,struts
108,multithreading
109,maven
110,ant
111,rest
112,dojo
113,json
114,tomcat
115,python
116,perl
117,rest api
118,html5
119,web application development
120,angular
121,cloud
122,azure
123,jsf
124,jpa
125,orm
126,dhtml
127,xsl
128,hibernate
129,jdbc
130,eclipse
131,java script
132,algorithms
133,cgi
134,git
135,ide
136,jenkins
137,libraries
138,mongodb
139,mysql
140,nosql
141,soap
142,tdd
143,telecommunications
144,script
145,angular js
146,linux/unix
147,.net
148,spring mvc
149,middleware
150,plsql
151,research
152,wsdl
153,spring framework
154,webservices
155,dynatrace
156,splunk
157,nagios
158,rest apis
159,t-sql
160,backbone
161,subversion
162,pl/sql
163,rdbms
164,jee
165,support
166,software development
167,network
168,networking
169,aws
170,sso
171,chef
172,puppet
173,restful services
174,ember
175,java 
176,python 
177,microservices
178,please refer to job description
179,esb
180,jira
181,confluence
182,pm
183,ecommerce
184,mvc
185,db2
186,jboss
187,computer science
188,design patterns
189,bpm
190,c++
191,unix/linux
192,full-stack
193,full stack
194,groovy
195,healthcare
196,restful
197,refer to job description
198,accounting
199,analyst
200,case
201,metrics
202,supervisor
203,finance
204,audit
205,project manager
206,system
207,systems
208,contract independent
209,csm
210,kanban
211,cad
212,plm
213,six sigma
214,pmp
215,ms project
216,jcl
217,microsoft word
218,release
219,documentation
220,logistics
221,risk
222,budget
223,business analyst
224,tibco
225,pharma
226,scrum master
227,workday
228,ssis
229,oracle pl/sql
230,civil
231,environmental
232,mechanical
233,reporting
234,change management
235,waterfall
236,billing
237,word
238,visio
239,pmo
240,microsoft project
241,program manager
242,performance
243,qa
244,infrastructure
245,vendor management
246,sharepoint
247,autocad
248,saas
249,ms office
250,project planning
251,bi
252,data warehouse
253,implementation
254,configuration
255,project coordinator
256,data center
257,digital
258,rally
259,supply chain
260,clarity
261,oracle 11g
262,wms
263,obiee
264,c
265,itil
266,budgeting
267,lead
268,develop
269,etl
270,application support
271,c#
272,pmi
273,configuration management
274,lifecycle
275,business intelligence
276,risk assessment
277,use case
278,operations
279,planning
280,routers
281,switches
282,wireless
283,amazon
284,retail
285,business
286,microsoft
287,materials
288,video
289,account manager
290,account executive
291,hr
292,it manager
293,data analysis
294,data modeling
295,microsoft excel
296,postgresql
297,pricing
298,test cases
299,business analysis
300,medicaid
301,risk management
302,crystal reports
303,embedded
304,embedded software
305,ims
306,iso
307,uat
308,insurance
309,requirements gathering
310,brd
311,manual
312,edi
313,erp
314,content management
315,mobile development
316,systems analysis
317,requirements
318,data mapping
319,excellent communication skills
320,data mining
321,qa testing
322,specification
323,validation
324,compliance
325,marketing
326,analytics
327,data
328,sas
329,pharmaceutical
330,gap analysis
331,test plans
332,technical
333,databases
334,automated
335,consultant
336,design
337,communication
338,ooad
339,data migration
340,fixed income
341,swift
342,hybris
343,magento
344,salesforce.com
345,cmmi
346,toad
347,ba
348,ux
349,technical writing
350,tableau
351,ada
352,data analytics
353,see below
354,incident response
355,systems administration
356,cissp
357,protocols
358,siem
359,information security
360,it security
361,reports
362,vmware
363,devops
364,amazon web services
365,ubuntu
366,php
367,ruby
368,powershell
369,go
370,shell
371,ec2
372,rds
373,docker
374,bash
375,ldap
376,disaster recovery
377,exchange
378,shell scripting
379,windows os
380,ansible
381,system admin
382,automation
383,product development
384,paas
385,s3
386,cloudwatch
387,lamp
388,nexus
389,genetic
390,redis
391,big data
392,hdfs
393,sass
394,gulp
395,npm
396,continuous integration
397,cloudformation
398,dynamodb
399,iaas
400,openstack
401,incident management
402,tfs
403,iis
404,vbscript
405,active directory
406,scripting
407,fico
408,ar
409,ap
410,asset management
411,cisco
412,dns
413,network engineer
414,vpn
415,red hat
416,brocade
417,ccnp
418,vsphere
419,encryption
420,firewall
421,lan
422,networks
423,smtp
424,wan
425,bgp
426,citrix
427,firewalls
428,ip
429,mpls
430,ospf
431,router
432,tcp/ip
433,capacity planning
434,ccna
435,diagnostic
436,ios
437,ssl
438,stp
439,ivr
440,protocol
441,vlan
442,virtualization
443,san
444,windows server
445,nist
446,routing
447,sip
448,voip
449,juniper
450,cabling
451,ethernet
452,mcse
453,server
454,configure
455,install
456,circuit
457,firmware
458,eigrp
459,noc
460,circuits
461,foundation
462,ccie
463,voice
464,switching
465,lan/wan
466,architect
467,cisco routers
468,network management
469,monitoring
470,network design
471,system administration
472,microsoft windows
473,server administration
474,administration
475,vlans
476,implement
477,qos
478,network administrator
479,troubleshooting
480,aruba
481,load balancers
482,sonet
483,dhcp
484,integration
485,snmp
486,f5
487,ipv6
488,installation
489,switch
490,troubleshoot
491,load balancing
492,oop
493,user interface
494,angular.js
495,css3
496,seo
497,less
498,mvc frameworks
499,react
500,node
501,web developer
502,wordpress
503,ui
504,js
505,front end
506,test
507,cms
508,jasmine
509,restful api
510,agile 
511,vba
512,vb.net
513,wcf
514,bootstrap
515,centos
516,web server
517,visual basic
518,mvvm
519,wpf
520,iam
521,oim
522,office 365
523,o365
524,sccm
525,scom
526,storage
527,enterprise
528,desktop
529,workflow
530,c/c++
531,defect management
532,matlab
533,product management
534,sdn
535,nfv
536,ems
537,multi-threading
538,tcp
539,android
540,mobile
541,3d
542,scripts
543,systems analyst
544,business systems analyst
545,as400
546,business objects
547,cognos
548,ibm
549,re-engineering
550,sfdc
551,media
552,cosmos
553,power bi
554,functional
555,force.com
556,drupal
557,iterative
558,iterative development
559,ror
560,selenium
561,adobe
562,asp
563,asp.net
564,dreamweaver
565,visual studio
566,coldfusion
567,software developer
568,e-commerce
569,triggers
570,aix
571,uml
572,vb
573,node js
574,embedded systems
575,mathematical
576,qt
577,ssrs
578,.net 
579,banking
580,spark
581,redshift
582,pci
583,net
584,photoshop
585,illustrator
586,flash
587,web design
588,etc
589,browser
590,systems administrator
591,knockout
592,typescript
593,graphic design
594,agile development
595,ood
596,webapi
597,anti-virus
598,application servers
599,mcsa
600,ms excel
601,procurement
602,gl
603,teradata
604,ms word
605,system engineer
606,rhel
607,general ledger
608,r
609,spotfire
610,shell script
611,solaris
612,xen
613,redhat
614,problem solving
615,stored procedures
616,business development
617,staffing
618,account management
619,recruiter
620,recruiting
621,technical recruiter
622,sourcing
623,etc)
624,peoplesoft
625,mobile application development
626,source code
627,network engineering
628,cism
629,cisa
630,engineers
631,micro
632,next
633,algorithm
634,multi-threaded
635,ups
636,object oriented programming
637,data collection
638,objective c
639,web applications
640,scala
641,clojure
642,akka
643,rabbitmq
644,objective-c
645,ci/cd
646,aml
647,full stack developer
648,responsive design
649,nodejs
650,mongo
651,debugging
652,unit testing
653,github
654,redux
655,relational database
656,rest web services
657,backbone.js
658,unity
659,hana
660,sox
661,spring boot
662,sybase
663,data structures
664,rational
665,tester
666,xcode
667,development manager
668,full time
669,ssas
670,communication skills
671,data management
672,contract corp-to-corp
673,machine learning
674,clearcase
675,fortran
676,simulation
677,system architecture
678,quality center
679,emc
680,systems engineer
681,dell
682,vcp
683,alm
684,distributed systems
685,mapreduce
686,apache spark
687,rtos
688,deployment
689,sketch
690,java architect
691,web api
692,uft
693,data analyst
694,admin
695,hive
696,pig
697,database design
698,ms sql
699,dashboards
700,mechanical engineer
701,solidworks
702,build
703,benefits
704,medicare
705,kafka
706,cassandra
707,hbase
708,c2h corp-to-corp
709,c2h w2
710,performance testing
711,teamcity
712,it audit
713,ids
714,network security
715,penetration testing
716,vulnerability
717,rsa
718,statistical analysis
719,informatica
720,servers
721,system administrator
722,cryptography
723,netapp
724,it support
725,antivirus
726,backup and recovery
727,help desk
728,peripherals
729,verification
730,nas
731,technology
732,technical support
733,sap
734,library
735,microstrategy
736,director
737,test plan
738,technical project manager
739,webmethods
740,payments
741,solutions
742,strategy
743,web service
744,browsers
745,framework
746,html 5
747,b2b
748,bmc
749,manufacturing
750,costing
751,data science
752,statistics
753,postgres
754,data scientist
755,cmdb
756,data visualization
757,qlikview
758,netezza
759,storm
760,sqoop
761,vertica
762,graphics
763,gui
764,scientific
765,xenapp
766,ariba
767,ms sql server
768,open source
769,migration
770,django
771,product manager
772,product
773,version control
774,vm
775,solutions architect
776,iot
777,dba
778,financial
779,ad
780,bi tools
781,enterprise architecture
782,pre-sales
783,togaf
784,mdm
785,services
786,training
787,avaya
788,operating systems
789,os
790,metadata
791,mssql
792,test automation
793,technician
794,identity management
795,pki
796,jmeter
797,automation testing
798,frameworks
799,code
800,printer
801,information technology
802,checkpoint
803,security engineer
804,sme
805,ceh
806,ips
807,proxy
808,cyber security
809,nessus
810,apex
811,forth
812,ruby on rails
813,sqa
814,intern
815,linux kernel
816,ip networking
817,rails
818,.net developer
819,c#.net
820,asp.net mvc
821,c# 
822,react.js
823,duck creek
824,claims
825,entity framework
826,netsuite
827,oam
828,cics
829,vsam
830,tso
831,windows server 2012
832,siebel
833,ms exchange
834,ux design
835,testng
836,degree
837,sap hr
838,user experience
839,wireframes
840,ebs
841,scm
842,relational databases
843,ccar
844,cybersecurity
845,html/css
846,hudson
847,android sdk
848,jd edwards
849,html5/css3
850,agile/scrum
851,dom
852,windows servers
853,linq
854,microsoft exchange
855,systems engineering
856,javascript frameworks
857,leadership
858,adobe analytics
859,iphone
860,database administration
861,sap mm
862,abap
863,pl1
864,hyperion
865,qtp
866,reactjs
867,backbonejs
868,solution architect
869,jvm
870,olap
871,data warehousing
872,service cloud
873,cucm
874,electrical engineering
875,sql queries
876,bigdata
877,cloudera
878,oozie
879,a+
880,android developer
881,sdk
882,ui design
883,xsd
884,broadband
885,restful apis
886,performance tuning
887,gradle
888,packaging
889,sailpoint
890,automotive
891,doors
892,visualforce
893,javascript/jquery
894,wifi
895,technical writer
896,assembly
897,windows xp
898,systems admin
899,desktop support
900,wsus
901,backup
902,cloud foundry
903,application development
904,tsql
905,biztalk
906,microsoft azure
907,elasticsearch
908,e-business suite
909,html 
910,optimization
911,impala
912,ab initio
913,opengl
914,dsp
915,oo
916,backend
917,safe
918,xp
919,ci
920,mainframe
921,lean
922,elastic search
923,cloud architecture
924,governance
925,xamarin
926,vdi
927,cobol
928,rpg
929,pbx
930,ftp
931,sd
932,soap ui
933,sans
934,sql dba
935,oracle sql
936,unix shell scripting
937,hris
938,hcm
939,gis
940,hadoop 
941,ecc
942,helpdesk
943,data architect
944,adobe creative suite
945,axure
946,office365
947,lawson
948,saml
949,oauth
950,oracle ebs
951,palo alto
952,hyper-v
953,asa
954,security+
955,call manager
956,contact center
957,program management
958,data governance
959,erwin
960,hub
961,oltp
962,data modeler
963,oracle dba
964,rac
965,ios development
966,production support
967,kubernetes
968,physics
969,web servers
970,software engineering
971,unix scripting
972,cucumber
973,ids/ips
974,aerospace
975,ui developer
976,mac
977,talend
978,mcp
979,office
980,mobile devices
981,iseries
982,2d
983,agile methodology
984,collections
985,hipaa
986,cloud computing
987,soapui
988,sap sd
989,grunt
990,etc.)
991,heroku
992,servicenow
993,service now
994,animation
995,multimedia
996,electrical engineer
997,laboratory
998,rf
999,database administrator
1000,microsoft sql server
1001,amazon aws
1002,application security
1003,flume
1004,google cloud
1005,zookeeper
1006,datastage
1007,sql 
1008,automated testing
1009,sql developer
1010,mm
1011,system analyst
1012,peripheral
1013,aem
1014,clustering
1015,sla
1016,sap fico
1017,data integration
1018,plc
1019,epic
1020,peopletools
1021,peoplecode
1022,laptop
1023,printers
1024,maintenance
1025,ibm bpm
1026,atg
1027,security architect
1028,gpo
1029,compensation
1030,coding
1031,hortonworks
1032,front-end
1033,team lead
1034,application developer
1035,esxi
1036,ccvp
1037,tivoli
1038,d3
1039,administrator
1040,payroll
1041,bsa
1042,integration broker
1043,sitecore
1044,oem
1045,sqr
1046,lte
1047,vpc
1048,itsm
1049,bw
1050,soc
1051,tx
1052,datawarehouse
1053,service
1054,sap abap
1055,windows 10
1056,extjs
1057,sun
1058,trading systems
1059,unified communications
1060,cssa
1061,cisco uc
1062,post sales
1063,release management
1064,clinical
1065,service desk
1066,shell scripts
1067,imaging
1068,fix
1069,micro services
1070,essbase
1071,hfm
1072,fdm
1073,xhtml
1074,.net framework
1075,pega
1076,nan
1077,ios sdk
1078,sharepoint 2013
1079,infor
1080,cissp - gcia - three years - siem - analyze data - tcp/ip - it infrastructure - networking protocols
1081,firewall functionality
1082,host network intrusion detection systems
1083,order management
1084,inventory
1085,trading
1086,vr
1087,presentations
1088,vcenter
1089,salt
1090,workflows
1091,audio
1092,sap hana
1093,google analytics
1094,mulesoft
1095,public sector
1096,manual testing
1097,sdet
1098,jde
1099,see job overview
1100,cpa
1101,guidewire
1102,identity access management
1103,remedy
1104,sap ariba consultant
1105,sap ariba consulting
1106,sap ariba implementation
1107,senior sap ariba consultant
